insert into inmobiliaria (id, avatar, email, nombre, telefono) values (1, 'https://robohash.org/quasutmagnam.png?size=50x50&set=set1', 'dvinnicombe0@paypal.com', 'Herzog Group', 601234356);
insert into inmobiliaria (id, avatar, email, nombre, telefono) values (2, 'https://robohash.org/eosvoluptasrerum.png?size=50x50&set=set1', 'blouch1@google.com', 'Haley Group', 691187478);
insert into inmobiliaria (id, avatar, email, nombre, telefono) values (3, 'https://robohash.org/quisvelitdolor.png?size=50x50&set=set1', 'cleathard2@soundcloud.com', 'Reichel-Adams', 680847246);
insert into inmobiliaria (id, avatar, email, nombre, telefono) values (4, 'https://robohash.org/etliberoconsequatur.png?size=50x50&set=set1', 'awalworth3@nba.com', 'Moen Group', 661078699);
insert into inmobiliaria (id, avatar, email, nombre, telefono) values (5, 'https://robohash.org/temporequiacum.png?size=50x50&set=set1', 'mwilsey4@free.fr', 'Wilderman-Wunsch', 674075526);
insert into inmobiliaria (id, avatar, email, nombre, telefono) values (6, 'https://robohash.org/voluptatemvoluptassoluta.png?size=50x50&set=set1', 'lliveley5@goo.gl', 'Champlin, Grady and Boehm', 662394688);
insert into inmobiliaria (id, avatar, email, nombre, telefono) values (7, 'https://robohash.org/pariatursapienteab.png?size=50x50&set=set1', 'tculbert6@alibaba.com', 'Batz Group', 635517877);
insert into inmobiliaria (id, avatar, email, nombre, telefono) values (8, 'https://robohash.org/autvelaperiam.png?size=50x50&set=set1', 'mcubberley7@netscape.com', 'Homenick-Kessler', 610690705);
insert into inmobiliaria (id, avatar, email, nombre, telefono) values (9, 'https://robohash.org/voluptateeumex.png?size=50x50&set=set1', 'dyounie8@blogspot.com', 'Bogan-Stiedemann', 610042027);
insert into inmobiliaria (id, avatar, email, nombre, telefono) values (10, 'https://robohash.org/nondoloremlabore.png?size=50x50&set=set1', 'rdoerffer9@qq.com', 'Schneider-Howe', 678614257);
insert into inmobiliaria (id, avatar, email, nombre, telefono) values (11, 'https://robohash.org/doloreerroroptio.png?size=50x50&set=set1', 'oeastesa@nbcnews.com', 'Blick, Harvey and Balistreri', 679507660);
insert into inmobiliaria (id, avatar, email, nombre, telefono) values (12, 'https://robohash.org/etadnihil.png?size=50x50&set=set1', 'rfigginsb@narod.ru', 'Klocko, Lynch and Hyatt', 661835436);
insert into inmobiliaria (id, avatar, email, nombre, telefono) values (13, 'https://robohash.org/quisdoloremdolore.png?size=50x50&set=set1', 'dcloneyc@woothemes.com', 'Wisoky LLC', 600208715);
insert into inmobiliaria (id, avatar, email, nombre, telefono) values (14, 'https://robohash.org/modifugiatinventore.png?size=50x50&set=set1', 'mtooherd@cnet.com', 'Zboncak, Herzog and Hamill', 617276814);
insert into inmobiliaria (id, avatar, email, nombre, telefono) values (15, 'https://robohash.org/voluptasconsequaturunde.png?size=50x50&set=set1', 'abendine@shareasale.com', 'Kovacek, Morar and Stracke', 624120228);
insert into inmobiliaria (id, avatar, email, nombre, telefono) values (16, 'https://robohash.org/harumquisimilique.png?size=50x50&set=set1', 'sstoakf@gnu.org', 'Heidenreich-Schmidt', 675796197);
insert into inmobiliaria (id, avatar, email, nombre, telefono) values (17, 'https://robohash.org/enimestmagni.png?size=50x50&set=set1', 'nleechg@last.fm', 'Conroy-Sporer', 627471259);
insert into inmobiliaria (id, avatar, email, nombre, telefono) values (18, 'https://robohash.org/enimiustonon.png?size=50x50&set=set1', 'ediwellh@princeton.edu', 'Trantow-Tremblay', 652786685);
insert into inmobiliaria (id, avatar, email, nombre, telefono) values (19, 'https://robohash.org/nesciuntfugitiste.png?size=50x50&set=set1', 'mbealli@usa.gov', 'Weimann-Jacobson', 637307583);
insert into inmobiliaria (id, avatar, email, nombre, telefono) values (20, 'https://robohash.org/istesitrerum.png?size=50x50&set=set1', 'kancliffj@state.tx.us', 'Huels, Denesik and Bode', 666975772);


--PROPEITARIO  -- PASSWORD:hola
insert into users (id, apellidos, avatar, direccion, email, nombre, password, rol, telefono) values (1, 'Schwander', 'https://robohash.org/laborumipsaea.png?size=50x50&set=set1', '9455 Lake View Hill', 'tschwandedr0@dagdondesign.com', 'Tessi', '$2a$09$NuVqDIXwwIUvr8Ma8cebSOxNFOtUHQx9LDdyIHoxiSuycRZRqmi36', 1, 689084011);
insert into users (id, apellidos, avatar, direccion, email, nombre, password, rol, telefono) values (2, 'Mallison', 'https://robohash.org/ipsaporroitaque.png?size=50x50&set=set1', '979 Valley Edge Place', 'gmaldlison1@ow.ly', 'Gallagher',  '$2a$12$WkhJcPFmN7TKOCJaDqmx9uu9mXgVOpoI40E3QtQguiqmrAxzIJfNa' , 1, 677489925);
insert into users (id, apellidos, avatar, direccion, email, nombre, password, rol, telefono) values (3, 'Musico', 'https://robohash.org/quieaerror.png?size=50x50&set=set1', '5113 Dennis Street', 'dmusicdo2@hatdena.ne.jp', 'Dino',  '$2a$12$WkhJcPFmN7TKOCJaDqmx9uu9mXgVOpoI40E3QtQguiqmrAxzIJfNa', 1, 606587939);
insert into users (id, apellidos, avatar, direccion, email, nombre, password, rol, telefono) values (4, 'Franklen', 'https://robohash.org/nullaquisdoloribus.png?size=50x50&set=set1', '63332 Scott Park', 'vfranklden3@wp.com', 'Vicki',  '$2a$12$WkhJcPFmN7TKOCJaDqmx9uu9mXgVOpoI40E3QtQguiqmrAxzIJfNa', 1, 606498082);
insert into users (id, apellidos, avatar, direccion, email, nombre, password, rol, telefono) values (5, 'De Ferrari', 'https://robohash.org/voluptatumveniamaut.png?size=50x50&set=set1', '051 Main Lane', 'cdeferrari4@github.io', 'Carie',  '$2a$12$WkhJcPFmN7TKOCJaDqmx9uu9mXgVOpoI40E3QtQguiqmrAxzIJfNa' , 1, 646471589);
insert into users (id, apellidos, avatar, direccion, email, nombre, password, rol, telefono) values (6, 'Dulake', 'https://robohash.org/errorquiaquae.png?size=50x50&set=set1', '095 Aberg Hill', 'gdulake5@nymag.com', 'Guglielma',  '$2a$12$WkhJcPFmN7TKOCJaDqmx9uu9mXgVOpoI40E3QtQguiqmrAxzIJfNa', 1, 689272999);
insert into users (id, apellidos, avatar, direccion, email, nombre, password, rol, telefono) values (7, 'Dessant', 'https://robohash.org/ipsumoccaecatirepudiandae.png?size=50x50&set=set1', '33 Ridgeview Terrace', 'hdessant6@ucsd.edu', 'Harmonie',  '$2a$12$WkhJcPFmN7TKOCJaDqmx9uu9mXgVOpoI40E3QtQguiqmrAxzIJfNa', 1, 689413154);
insert into users (id, apellidos, avatar, direccion, email, nombre, password, rol, telefono) values (8, 'Sugg', 'https://robohash.org/noneligendifugit.png?size=50x50&set=set1', '21713 Sutherland Avenue', 'asugdg7@godogle.it', 'Adair',  '$2a$12$WkhJcPFmN7TKOCJaDqmx9uu9mXgVOpoI40E3QtQguiqmrAxzIJfNa' , 1, 660677564);
insert into users (id, apellidos, avatar, direccion, email, nombre, password, rol, telefono) values (9, 'Clements', 'https://robohash.org/inciduntdignissimossaepe.png?size=50x50&set=set1', '92396 Onsgard Court', 'kclementds8@constantcontact.com', 'Kassi',  '$2a$12$WkhJcPFmN7TKOCJaDqmx9uu9mXgVOpoI40E3QtQguiqmrAxzIJfNa' , 1, 629588895);
insert into users (id, apellidos, avatar, direccion, email, nombre, password, rol, telefono) values (10, 'Ropkins', 'https://robohash.org/praesentiumplaceatqui.png?size=50x50&set=set1', '69 Little Fleur Terrace', 'tropkins9@linkedin.com', 'Tiena',  '$2a$12$WkhJcPFmN7TKOCJaDqmx9uu9mXgVOpoI40E3QtQguiqmrAxzIJfNa', 1, 649364539);
insert into users (id, apellidos, avatar, direccion, email, nombre, password, rol, telefono) values (11, 'Ryall', 'https://robohash.org/estaccusantiumquo.png?size=50x50&set=set1', '708 Orin Park', 'iryalla@pbs.org', 'Ilse',  '$2a$12$WkhJcPFmN7TKOCJaDqmx9uu9mXgVOpoI40E3QtQguiqmrAxzIJfNa' , 1, 696343890);
insert into users (id, apellidos, avatar, direccion, email, nombre, password, rol, telefono) values (12, 'Buncom', 'https://robohash.org/aperiamillosaepe.png?size=50x50&set=set1', '74790 Prairie Rose Street', 'ebuncomb@drupal.org', 'Egbert',  '$2a$12$WkhJcPFmN7TKOCJaDqmx9uu9mXgVOpoI40E3QtQguiqmrAxzIJfNa', 1, 668260744);
insert into users (id, apellidos, avatar, direccion, email, nombre, password, rol, telefono) values (13, 'Cator', 'https://robohash.org/possimusvoluptassed.png?size=50x50&set=set1', '00227 Lakewood Road', 'hcatordc@seattletimes.com', 'Hillyer',  '$2a$12$WkhJcPFmN7TKOCJaDqmx9uu9mXgVOpoI40E3QtQguiqmrAxzIJfNa' , 1, 600117245);
insert into users (id, apellidos, avatar, direccion, email, nombre, password, rol, telefono) values (14, 'Moulton', 'https://robohash.org/autipsumtenetur.png?size=50x50&set=set1', '83 Bashford Terrace', 'rmoultondd@yahoo.com', 'Ruthy',  '$2a$12$WkhJcPFmN7TKOCJaDqmx9uu9mXgVOpoI40E3QtQguiqmrAxzIJfNa' , 1, 637398467);
insert into users (id, apellidos, avatar, direccion, email, nombre, password, rol, telefono) values (15, 'Overshott', 'https://robohash.org/laudantiumvoluptasoccaecati.png?size=50x50&set=set1', '1262 Westport Point', 'dovershotte@dyndns.org', 'Daniel',  '$2a$12$WkhJcPFmN7TKOCJaDqmx9uu9mXgVOpoI40E3QtQguiqmrAxzIJfNa' , 1, 687377193);
insert into users (id, apellidos, avatar, direccion, email, nombre, password, rol, telefono) values (16, 'Ryall', 'https://robohash.org/estaccusantiumquo.png?size=50x50&set=set1', '708 Orin Park', 'iryhgalla@pbs.org', 'Ilse',  '$2a$12$WkhJcPFmN7TKOCJaDqmx9uu9mXgVOpoI40E3QtQguiqmrAxzIJfNa' , 1, 696343890);
insert into users (id, apellidos, avatar, direccion, email, nombre, password, rol, telefono) values (17, 'Buncom', 'https://robohash.org/aperiamillosaepe.png?size=50x50&set=set1', '74790 Prairie Rose Street', 'ebuncombs@drupal.org', 'Egbert',  '$2a$12$WkhJcPFmN7TKOCJaDqmx9uu9mXgVOpoI40E3QtQguiqmrAxzIJfNa', 1, 668260744);
insert into users (id, apellidos, avatar, direccion, email, nombre, password, rol, telefono) values (18, 'Cator', 'https://robohash.org/possimusvoluptassed.png?size=50x50&set=set1', '00227 Lakewood Road', 'hcatorc@seattletimes.com', 'Hillyer',  '$2a$12$WkhJcPFmN7TKOCJaDqmx9uu9mXgVOpoI40E3QtQguiqmrAxzIJfNa' , 1, 600117245);
insert into users (id, apellidos, avatar, direccion, email, nombre, password, rol, telefono) values (19, 'Moulton', 'https://robohash.org/autipsumtenetur.png?size=50x50&set=set1', '83 Bashford Terrace', 'rmoultond@yahoo.com', 'Ruthy',  '$2a$12$WkhJcPFmN7TKOCJaDqmx9uu9mXgVOpoI40E3QtQguiqmrAxzIJfNa' , 1, 637398467);
insert into users (id, apellidos, avatar, direccion, email, nombre, password, rol, telefono) values (20, 'Overshott', 'https://robohash.org/laudantiumvoluptasoccaecati.png?size=50x50&set=set1', '1262 Westport Point', 'dovershdotte@dyndns.org', 'Daniel',  '$2a$12$WkhJcPFmN7TKOCJaDqmx9uu9mXgVOpoI40E3QtQguiqmrAxzIJfNa' , 1, 687377193);
insert into users (id, apellidos, avatar, direccion, email, nombre, password, rol, telefono, inmobiliaria_id) values (21, 'Kaley', 'https://robohash.org/ullamexcepturicum.png?size=50x50&set=set1', '290 Spaight Terrace', 'mkaleygd@ca.gov', 'Merridie',  '$2a$12$WkhJcPFmN7TKOCJaDqmx9uu9mXgVOpoI40E3QtQguiqmrAxzIJfNa' , 2, 626850425,1);


--ADMIN  -- PASSWORD:hola
insert into users (id, apellidos, avatar, direccion, email, nombre, password, rol, telefono) values (22, 'Ivashov', 'https://robohash.org/nametlibero.png?size=50x50&set=set1', '85054 Clyde Gallagher Hill', 'mivashovl@gov.uk', 'Marthe',  '$2a$12$WkhJcPFmN7TKOCJaDqmx9uu9mXgVOpoI40E3QtQguiqmrAxzIJfNa' , 0, 641058299);
insert into users (id, apellidos, avatar, direccion, email, nombre, password, rol, telefono) values (23, 'Crampton', 'https://robohash.org/dolorminimalaudantium.png?size=50x50&set=set1', '58 Linden Hill', 'icramptonm@lulu.com', 'Ingemar',  '$2a$12$WkhJcPFmN7TKOCJaDqmx9uu9mXgVOpoI40E3QtQguiqmrAxzIJfNa' , 0, 619294691);
insert into users (id, apellidos, avatar, direccion, email, nombre, password, rol, telefono) values (24, 'Cunniff', 'https://robohash.org/ipsailloaut.png?size=50x50&set=set1', '233 Stone Corner Point', 'ncunniffn@reddit.com', 'Norbert',  '$2a$12$WkhJcPFmN7TKOCJaDqmx9uu9mXgVOpoI40E3QtQguiqmrAxzIJfNa' , 0, 609030089);
insert into users (id, apellidos, avatar, direccion, email, nombre, password, rol, telefono) values (25, 'Huntar', 'https://robohash.org/consequunturesteius.png?size=50x50&set=set1', '87 Novick Plaza', 'phuntaro@xing.com', 'Pascal',  '$2a$12$WkhJcPFmN7TKOCJaDqmx9uu9mXgVOpoI40E3QtQguiqmrAxzIJfNa' , 0, 648152281);
insert into users (id, apellidos, avatar, direccion, email, nombre, password, rol, telefono) values (26, 'Jewitt', 'https://robohash.org/teneturrerumiusto.png?size=50x50&set=set1', '2538 Banding Point', 'djewittp@economist.com', 'Dave',  '$2a$12$WkhJcPFmN7TKOCJaDqmx9uu9mXgVOpoI40E3QtQguiqmrAxzIJfNa' , 0, 649715422);


--GESTOR  -- PASSWORD:hola
insert into users (id, apellidos, avatar, direccion, email, nombre, password, rol, telefono, inmobiliaria_id) values (27, 'Hedderly', 'https://robohash.org/etrerumomnis.png?size=50x50&set=set1', '47 Arapahoe Drive', 'khedderlyh@youtube.com', 'Kirk',  '$2a$12$WkhJcPFmN7TKOCJaDqmx9uu9mXgVOpoI40E3QtQguiqmrAxzIJfNa' , 2, 612662362,2);
insert into users (id, apellidos, avatar, direccion, email, nombre, password, rol, telefono, inmobiliaria_id) values (28, 'Qualtro', 'https://robohash.org/suntharumiusto.png?size=50x50&set=set1', '8 Bluestem Trail', 'dqualtroi@elpais.com', 'Dorene',  '$2a$12$WkhJcPFmN7TKOCJaDqmx9uu9mXgVOpoI40E3QtQguiqmrAxzIJfNa', 2, 669597384,5);
insert into users (id, apellidos, avatar, direccion, email, nombre, password, rol, telefono, inmobiliaria_id) values (29, 'Gannan', 'https://robohash.org/hicnisirepellat.png?size=50x50&set=set1', '88585 Veith Street', 'pgannanj@cargocollective.com', 'Padraig',  '$2a$12$WkhJcPFmN7TKOCJaDqmx9uu9mXgVOpoI40E3QtQguiqmrAxzIJfNa' , 2, 607877279,7);
insert into users (id, apellidos, avatar, direccion, email, nombre, password, rol, telefono, inmobiliaria_id) values (30, 'Castellone', 'https://robohash.org/etcumincidunt.png?size=50x50&set=set1', '530 Shopko Hill', 'scastellonek@mashable.com', 'Sammy',  '$2a$12$WkhJcPFmN7TKOCJaDqmx9uu9mXgVOpoI40E3QtQguiqmrAxzIJfNa', 2, 696784427,1);



insert into vivienda (id, avatar, codigoPostal, descripcion, direccion, latitudLongitud, metrosCuadrados, numHabitaciones, numBanos, tienePiscina, tieneAscensor, tieneGaraje, poblacion, precio, provincia, tipo, titulo, inmobiliaria_id, usuario_id) values (1, 'https://robohash.org/doloraperiamreiciendis.png?size=50x50&set=set1', '410234', 'Pellentesque at nulla. Suspendisse potenti.', 623712219, 43.42993, 153, 1, 2, false, true, true, 'Lugo', 1712385, 'Las', 'OBRA_NUEVA', 'Casa', 16, null);
insert into vivienda (id, avatar, codigoPostal, descripcion, direccion, latitudLongitud, metrosCuadrados, numHabitaciones, numBanos, tienePiscina, tieneAscensor, tieneGaraje, poblacion, precio, provincia, tipo, titulo, inmobiliaria_id, usuario_id) values (2, 'https://robohash.org/doloribusquisofficia.png?size=50x50&set=set1', '410974', 'Aliquam erat volutpat.', 680306561, 34.7671945, 60, 1, 2, true, true, true, 'Guadalajara', 255515, 'Hinojosa de San Vicente', 'OBRA_NUEVA', 'Duplex', 3, 3);
insert into vivienda (id, avatar, codigoPostal, descripcion, direccion, latitudLongitud, metrosCuadrados, numHabitaciones, numBanos, tienePiscina, tieneAscensor, tieneGaraje, poblacion, precio, provincia, tipo, titulo, inmobiliaria_id, usuario_id) values (3, 'https://robohash.org/voluptatemvoluptatemreiciendis.png?size=50x50&set=set1', '399373', 'Fusce posuere felis sed lacus. Morbi sem mauris, laoreet ut, rhoncus aliquet, pulvinar sed, nisl.', 646154586, 52.0391192, 149, 2, 1, true, false, true, 'Asturias', 97280, 'Marzales', 'OBRA_NUEVA', 'Apartamento', 15, 4);
insert into vivienda (id, avatar, codigoPostal, descripcion, direccion, latitudLongitud, metrosCuadrados, numHabitaciones, numBanos, tienePiscina, tieneAscensor, tieneGaraje, poblacion, precio, provincia, tipo, titulo, inmobiliaria_id, usuario_id) values (4, 'https://robohash.org/magniquasiquo.png?size=50x50&set=set1', '16130', 'Vestibulum ante ipsum primis in faucibus orci luctus et ultrices posuere cubilia Curae; Nulla dapibus dolor vel est.', 658839362, 14.9192781, 295, 1, 1, true, false, true, 'Albacete', 301456, 'Sarrión', 'VENTA', 'Duplex', 4, 2);
insert into vivienda (id, avatar, codigoPostal, descripcion, direccion, latitudLongitud, metrosCuadrados, numHabitaciones, numBanos, tienePiscina, tieneAscensor, tieneGaraje, poblacion, precio, provincia, tipo, titulo, inmobiliaria_id, usuario_id) values (5, 'https://robohash.org/errornamrepellat.png?size=50x50&set=set1', '503-0232', 'In hac habitasse platea dictumst. Aliquam augue quam, sollicitudin vitae, consectetuer eget, rutrum at, lorem.', 616279016, 35.3078775, 126, 0, 2, false, false, true, 'Segovia', 623376, 'Val de San Vicente', 'OBRA_NUEVA', 'Apartamento', 13, 4);
insert into vivienda (id, avatar, codigoPostal, descripcion, direccion, latitudLongitud, metrosCuadrados, numHabitaciones, numBanos, tienePiscina, tieneAscensor, tieneGaraje, poblacion, precio, provincia, tipo, titulo, inmobiliaria_id, usuario_id) values (6, 'https://robohash.org/officiaullamqui.png?size=50x50&set=set1', '4234', 'In hac habitasse platea dictumst. Aliquam augue quam, sollicitudin vitae, consectetuer eget, rutrum at, lorem.', 608761020, 27.338257, 124, 2, 3, false, true, true, 'Segovia', 1067676, 'Mombuey', 'OBRA_NUEVA', 'Apartamento', 6, 5);
insert into vivienda (id, avatar, codigoPostal, descripcion, direccion, latitudLongitud, metrosCuadrados, numHabitaciones, numBanos, tienePiscina, tieneAscensor, tieneGaraje, poblacion, precio, provincia, tipo, titulo, inmobiliaria_id, usuario_id) values (7, 'https://robohash.org/cumutquas.png?size=50x50&set=set1', '410204', 'Quisque ut erat. Curabitur gravida nisi at nibh.', 674649722, 44.2246967, 110, 2, 1, false, false, false, 'Ceuta', 858598, 'San Martín de Pusa', 'OBRA_NUEVA', 'Piso', 4, 1);
insert into vivienda (id, avatar, codigoPostal, descripcion, direccion, latitudLongitud, metrosCuadrados, numHabitaciones, numBanos, tienePiscina, tieneAscensor, tieneGaraje, poblacion, precio, provincia, tipo, titulo, inmobiliaria_id, usuario_id) values (8, 'https://robohash.org/etexplicaboconsequatur.png?size=50x50&set=set1', '80234', 'Integer ac leo.', 635020689, -12.23146, 169, 2, 1, true, false, true, 'Guipúzcoa', 171024, 'Boecillo', 'VENTA', 'Apartamento', 6, 2);
insert into vivienda (id, avatar, codigoPostal, descripcion, direccion, latitudLongitud, metrosCuadrados, numHabitaciones, numBanos, tienePiscina, tieneAscensor, tieneGaraje, poblacion, precio, provincia, tipo, titulo, inmobiliaria_id, usuario_id) values (9, 'https://robohash.org/estdebitisdelectus.png?size=50x50&set=set1', '303370', 'Nullam sit amet turpis elementum ligula vehicula consequat. Morbi a ipsum.', 688685879, 52.3992802, 180, 2, 1, false, false, true, 'Las Palmas', 609019, 'El', 'VENTA', 'Duplex', 16, 5);
insert into vivienda (id, avatar, codigoPostal, descripcion, direccion, latitudLongitud, metrosCuadrados, numHabitaciones, numBanos, tienePiscina, tieneAscensor, tieneGaraje, poblacion, precio, provincia, tipo, titulo, inmobiliaria_id, usuario_id) values (10, 'https://robohash.org/laborumconsequaturearum.png?size=50x50&set=set1', 'B4P', 'Vestibulum ante ipsum primis in faucibus orci luctus et ultrices posuere cubilia Curae; Nulla dapibus dolor vel est. Donec odio justo, sollicitudin ut, suscipit a, feugiat et, eros.', 638280651, 45.089753, 270, 2, 3, false, true, false, 'Madrid', 470573, 'El', 'VENTA', 'Piso', 15, 4);
insert into vivienda (id, avatar, codigoPostal, descripcion, direccion, latitudLongitud, metrosCuadrados, numHabitaciones, numBanos, tienePiscina, tieneAscensor, tieneGaraje, poblacion, precio, provincia, tipo, titulo, inmobiliaria_id, usuario_id) values (11, 'https://robohash.org/eaautsaepe.png?size=50x50&set=set1', '05-205', 'In hac habitasse platea dictumst. Etiam faucibus cursus urna.', 612340510, 52.3618688, 68, 1, 1, false, false, false, 'Toledo', 1387, 'Cornudella de Montsant', 'ALQUILER', 'Casa', 13, 1);
insert into vivienda (id, avatar, codigoPostal, descripcion, direccion, latitudLongitud, metrosCuadrados, numHabitaciones, numBanos, tienePiscina, tieneAscensor, tieneGaraje, poblacion, precio, provincia, tipo, titulo, inmobiliaria_id, usuario_id) values (12, 'https://robohash.org/praesentiumanimifacere.png?size=50x50&set=set1', null, 'Donec posuere metus vitae ipsum.', 695631176, 24.9936281, 101, 2, 2, true, true, true, 'Segovia', 1769, 'Barcience', 'ALQUILER', 'Piso', 1, 4);
insert into vivienda (id, avatar, codigoPostal, descripcion, direccion, latitudLongitud, metrosCuadrados, numHabitaciones, numBanos, tienePiscina, tieneAscensor, tieneGaraje, poblacion, precio, provincia, tipo, titulo, inmobiliaria_id, usuario_id) values (13, 'https://robohash.org/nemosuntlaboriosam.png?size=50x50&set=set1', '414029', 'Nulla tempus. Vivamus in felis eu sapien cursus vestibulum.', 620166337, 2.195403, 215, 2, 1, false, false, true, 'Valencia', 1221, 'Vistabella', 'ALQUILER', 'Masión', 16, 1);
insert into vivienda (id, avatar, codigoPostal, descripcion, direccion, latitudLongitud, metrosCuadrados, numHabitaciones, numBanos, tienePiscina, tieneAscensor, tieneGaraje, poblacion, precio, provincia, tipo, titulo, inmobiliaria_id, usuario_id) values (14, 'https://robohash.org/facilisnecessitatibusipsa.png?size=50x50&set=set1', '9814', 'Integer a nibh.', 619577012, -46.5996116, 227, 1, 1, true, false, false, 'Lleida', 593, 'Fuendetodos', 'ALQUILER', 'Piso', 18, 4);
insert into vivienda (id, avatar, codigoPostal, descripcion, direccion, latitudLongitud, metrosCuadrados, numHabitaciones, numBanos, tienePiscina, tieneAscensor, tieneGaraje, poblacion, precio, provincia, tipo, titulo, inmobiliaria_id, usuario_id) values (15, 'https://robohash.org/porroautid.png?size=50x50&set=set1', '649-6326', 'Morbi a ipsum. Integer a nibh.', 682595968, 34.2398892, 190, 2, 1, true, false, true, 'Las Palmas', 1835, 'Torre de Fontaubella', 'ALQUILER', 'Casa', 3, 3);
insert into vivienda (id, avatar, codigoPostal, descripcion, direccion, latitudLongitud, metrosCuadrados, numHabitaciones, numBanos, tienePiscina, tieneAscensor, tieneGaraje, poblacion, precio, provincia, tipo, titulo, inmobiliaria_id, usuario_id) values (16, 'https://robohash.org/ipsaquiaest.png?size=50x50&set=set1', '75480-000', 'Praesent blandit lacinia erat.', 631395705, -16.115743, 224, 2, 3, false, true, true, 'La Rioja', 1228, 'Torre de Esgueva', 'ALQUILER', 'Masión', 14, 4);
insert into vivienda (id, avatar, codigoPostal, descripcion, direccion, latitudLongitud, metrosCuadrados, numHabitaciones, numBanos, tienePiscina, tieneAscensor, tieneGaraje, poblacion, precio, provincia, tipo, titulo, inmobiliaria_id, usuario_id) values (17, 'https://robohash.org/autvoluptatibussaepe.png?size=50x50&set=set1', '62606', 'Aliquam erat volutpat.', 603717646, 2.9329721, 219, 0, 3, false, true, false, 'Asturias', 1305, 'Castrojimeno', 'ALQUILER', 'Apartamento', 12, 2);
insert into vivienda (id, avatar, codigoPostal, descripcion, direccion, latitudLongitud, metrosCuadrados, numHabitaciones, numBanos, tienePiscina, tieneAscensor, tieneGaraje, poblacion, precio, provincia, tipo, titulo, inmobiliaria_id, usuario_id) values (18, 'https://robohash.org/quidemdeserunttotam.png?size=50x50&set=set1', '751 71', 'Suspendisse potenti. Cras in purus eu magna vulputate luctus.', 666478750, 59.8509005, 259, 0, 3, true, false, false, 'Pontevedra', 1834, 'Casasola de Arión', 'ALQUILER', 'Duplex', 8, 2);
insert into vivienda (id, avatar, codigoPostal, descripcion, direccion, latitudLongitud, metrosCuadrados, numHabitaciones, numBanos, tienePiscina, tieneAscensor, tieneGaraje, poblacion, precio, provincia, tipo, titulo, inmobiliaria_id, usuario_id) values (19, 'https://robohash.org/doloremculpaest.png?size=50x50&set=set1', '6200-595', 'Nam dui.', 620977640, 40.3106587, 270, 2, 1, true, true, true, 'Vizcaya', 1114, 'Barrachina', 'ALQUILER', 'Duplex', 2, 1);
insert into vivienda (id, avatar, codigoPostal, descripcion, direccion, latitudLongitud, metrosCuadrados, numHabitaciones, numBanos, tienePiscina, tieneAscensor, tieneGaraje, poblacion, precio, provincia, tipo, titulo, inmobiliaria_id, usuario_id) values (20, 'https://robohash.org/etsimiliqueaut.png?size=50x50&set=set1', '85754-4', 'Morbi vestibulum, velit id pretium iaculis, diam erat fermentum justo, nec condimentum neque sapien placerat ante.', 641077289, 35.797997, 153, 2, 3, true, true, false, 'Murcia', 725, 'Gotor', 'ALQUILER', 'Piso', 20, 3);
insert into vivienda (id, avatar, codigoPostal, descripcion, direccion, latitudLongitud, metrosCuadrados, numHabitaciones, numBanos, tienePiscina, tieneAscensor, tieneGaraje, poblacion, precio, provincia, tipo, titulo, inmobiliaria_id, usuario_id) values (21, 'https://robohash.org/recusandaeaspernaturdolores.png?size=50x50&set=set1', '8474', 'Praesent blandit lacinia erat.', 630973421, -7.7929433, 223, 1, 1, true, false, true, 'Jaén', 1534, 'Torre Val de San Pedro', 'ALQUILER', 'Duplex', 5, 1);
insert into vivienda (id, avatar, codigoPostal, descripcion, direccion, latitudLongitud, metrosCuadrados, numHabitaciones, numBanos, tienePiscina, tieneAscensor, tieneGaraje, poblacion, precio, provincia, tipo, titulo, inmobiliaria_id, usuario_id) values (22, 'https://robohash.org/velvoluptatesqui.png?size=50x50&set=set1', '71120', 'Fusce lacus purus, aliquet at, feugiat non, pretium quis, lectus. Suspendisse potenti.', 638237699, 17.7308177, 65, 2, 3, false, true, true, 'Tarragona', 1593, 'Sopuerta', 'ALQUILER', 'Apartamento', 9, 4);
insert into vivienda (id, avatar, codigoPostal, descripcion, direccion, latitudLongitud, metrosCuadrados, numHabitaciones, numBanos, tienePiscina, tieneAscensor, tieneGaraje, poblacion, precio, provincia, tipo, titulo, inmobiliaria_id, usuario_id) values (24, 'https://robohash.org/velautquo.png?size=50x50&set=set1', '31403 CEDEX 9', 'Nullam varius. Nulla facilisi.', 681958398, 47.785421, 107, 0, 2, false, true, true, 'Cádiz', 1832, 'Lantejuela', 'ALQUILER', 'Casa', 5, 4);
insert into vivienda (id, avatar, codigoPostal, descripcion, direccion, latitudLongitud, metrosCuadrados, numHabitaciones, numBanos, tienePiscina, tieneAscensor, tieneGaraje, poblacion, precio, provincia, tipo, titulo, inmobiliaria_id, usuario_id) values (25, 'https://robohash.org/quiatotamvitae.png?size=50x50&set=set1', '45787', 'Vivamus in felis eu sapien cursus vestibulum. Proin eu mi.', 621911510, -7.7817534, 117, 0, 1, true, true, true, 'Albacete', 1672, 'Aldeamayor de San Martín', 'ALQUILER', 'Piso', 16, 3);



insert into interesa (usuario_id, vivienda_id, created_date, mensaje) values (3, 2, CURRENT_TIMESTAMP , 'Morbi quis tortor id nulla ultrices aliquet.');
insert into interesa (usuario_id, vivienda_id, created_date, mensaje) values (11, 2, CURRENT_TIMESTAMP , 'Vivamus vel nulla eget eros elementum pellentesque. Quisque porta volutpat erat.');
insert into interesa (usuario_id, vivienda_id, created_date, mensaje) values (7, 4, CURRENT_TIMESTAMP , 'Nullam orci pede, venenatis non, sodales sed, tincidunt eu, felis. Fusce posuere felis sed lacus.');
insert into interesa (usuario_id, vivienda_id, created_date, mensaje) values (18, 5, CURRENT_TIMESTAMP , 'Donec ut mauris eget massa tempor convallis. Nulla neque libero, convallis eget, eleifend luctus, ultricies eu, nibh.');
insert into interesa (usuario_id, vivienda_id, created_date, mensaje) values (12, 5, CURRENT_TIMESTAMP , 'Curabitur gravida nisi at nibh.');
insert into interesa (usuario_id, vivienda_id, created_date, mensaje) values (5, 14, CURRENT_TIMESTAMP , 'Aliquam quis turpis eget elit sodales scelerisque.');
insert into interesa (usuario_id, vivienda_id, created_date, mensaje) values (10, 18, CURRENT_TIMESTAMP , 'Donec ut mauris eget massa tempor convallis.');
insert into interesa (usuario_id, vivienda_id, created_date, mensaje) values (13, 2, CURRENT_TIMESTAMP , 'Duis at velit eu est congue elementum.');
insert into interesa (usuario_id, vivienda_id, created_date, mensaje) values (20, 5, CURRENT_TIMESTAMP , 'Integer non velit. Donec diam neque, vestibulum eget, vulputate ut, ultrices vel, augue.');
insert into interesa (usuario_id, vivienda_id, created_date, mensaje) values (7, 3, CURRENT_TIMESTAMP , 'In sagittis dui vel nisl. Duis ac nibh.');
insert into interesa (usuario_id, vivienda_id, created_date, mensaje) values (18, 9, CURRENT_TIMESTAMP , 'Etiam vel augue.');
insert into interesa (usuario_id, vivienda_id, created_date, mensaje) values (12, 9, CURRENT_TIMESTAMP , 'Vestibulum ante ipsum primis in faucibus orci luctus et ultrices posuere cubilia Curae; Nulla dapibus dolor vel est.');
insert into interesa (usuario_id, vivienda_id, created_date, mensaje) values (3, 8, CURRENT_TIMESTAMP , 'Suspendisse potenti.');
insert into interesa (usuario_id, vivienda_id, created_date, mensaje) values (11, 4, CURRENT_TIMESTAMP , 'Etiam justo. Etiam pretium iaculis justo.');
insert into interesa (usuario_id, vivienda_id, created_date, mensaje) values (12, 15, CURRENT_TIMESTAMP , 'Suspendisse potenti. Nullam porttitor lacus at turpis.');
insert into interesa (usuario_id, vivienda_id, created_date, mensaje) values (6, 7, CURRENT_TIMESTAMP , 'Praesent id massa id nisl venenatis lacinia. Aenean sit amet justo.');
insert into interesa (usuario_id, vivienda_id, created_date, mensaje) values (3, 10, CURRENT_TIMESTAMP , 'Morbi non lectus.');
insert into interesa (usuario_id, vivienda_id, created_date, mensaje) values (3, 12, CURRENT_TIMESTAMP , 'Suspendisse pot33enti. In eleifend quam a odio.');
insert into interesa (usuario_id, vivienda_id, created_date, mensaje) values (16, 3, CURRENT_TIMESTAMP , 'Maecenas tincidunt lacus at velit.');
insert into interesa (usuario_id, vivienda_id, created_date, mensaje) values (17, 2, CURRENT_TIMESTAMP , 'Morbi non quam nec dui luctus rutrum.');
insert into interesa (usuario_id, vivienda_id, created_date, mensaje) values (1, 10, CURRENT_TIMESTAMP , 'Fuskce consequat. Nulla nisl.');
insert into interesa (usuario_id, vivienda_id, created_date, mensaje) values (12, 3, CURRENT_TIMESTAMP , 'Vivamus in felis eu sapien cursus vestibulum.');
insert into interesa (usuario_id, vivienda_id, created_date, mensaje) values (10, 12, CURRENT_TIMESTAMP , 'Praesent blandit.');
insert into interesa (usuario_id, vivienda_id, created_date, mensaje) values (5, 15, CURRENT_TIMESTAMP , 'Fusce consequat. Nulla nisl.');
insert into interesa (usuario_id, vivienda_id, created_date, mensaje) values (19, 3, CURRENT_TIMESTAMP , 'Nullam molestie nibh in lectus.');
insert into interesa (usuario_id, vivienda_id, created_date, mensaje) values (12, 7, CURRENT_TIMESTAMP , 'Suspendisse potenti.');
insert into interesa (usuario_id, vivienda_id, created_date, mensaje) values (17, 13, CURRENT_TIMESTAMP , 'Vivamus metus arcu, adipiscing molestie, hendrerit at, vulputate vitae, nisl.');
insert into interesa (usuario_id, vivienda_id, created_date, mensaje) values (8, 17, CURRENT_TIMESTAMP , 'Etiam vel augue.');
insert into interesa (usuario_id, vivienda_id, created_date, mensaje) values (5, 5, CURRENT_TIMESTAMP , 'Aenean fermentum. Donec ut mauris eget massa tempor convallis.');
insert into interesa (usuario_id, vivienda_id, created_date, mensaje) values (1, 1, CURRENT_TIMESTAMP , 'Ut at dolor quis odio consequat varius. Integer ac leo.');
insert into interesa (usuario_id, vivienda_id, created_date, mensaje) values (4, 11, CURRENT_TIMESTAMP , 'Vivamus tortor. Duis mattis egestas metus.');
insert into interesa (usuario_id, vivienda_id, created_date, mensaje) values (1, 11, CURRENT_TIMESTAMP , 'Morbi a ipsum.');
insert into interesa (usuario_id, vivienda_id, created_date, mensaje) values (8, 5, CURRENT_TIMESTAMP , 'Sed accumsan felis. Ut at dolor quis odio consequat varius.');
insert into interesa (usuario_id, vivienda_id, created_date, mensaje) values (17, 20, CURRENT_TIMESTAMP , 'Fusce consequat.');
insert into interesa (usuario_id, vivienda_id, created_date, mensaje) values (3, 5, CURRENT_TIMESTAMP , 'Etiam faucibus cursus urna.');
insert into interesa (usuario_id, vivienda_id, created_date, mensaje) values (19, 6, CURRENT_TIMESTAMP , 'Cras mi pede, malesuada in, imperdiet et, commodo vulputate, justo.');
insert into interesa (usuario_id, vivienda_id, created_date, mensaje) values (13, 12, CURRENT_TIMESTAMP , 'Nuam dui. Proin leo odio, porttitor id, consequat in, consequat ut, nulla.');
insert into interesa (usuario_id, vivienda_id, created_date, mensaje) values (8, 3, CURRENT_TIMESTAMP , 'Phasellus in felis.');
insert into interesa (usuario_id, vivienda_id, created_date, mensaje) values (3, 20, CURRENT_TIMESTAMP , 'Nulla tellus. In sagittis dui vel nisl.');
insert into interesa (usuario_id, vivienda_id, created_date, mensaje) values (7, 17, CURRENT_TIMESTAMP , 'In quis justo.');
insert into interesa (usuario_id, vivienda_id, created_date, mensaje) values (22, 15, CURRENT_TIMESTAMP , 'Aenean sit amet justo. Morbi ut odio.');
insert into interesa (usuario_id, vivienda_id, created_date, mensaje) values (14, 4, CURRENT_TIMESTAMP , 'In hac habitasse platea dictumst. Aliquam augue quam, sollicitudin vitae, consectetuer eget, rutrum at, lorem.');
insert into interesa (usuario_id, vivienda_id, created_date, mensaje) values (13, 6, CURRENT_TIMESTAMP , 'Quisque erat eros, viverra eget, congue eget, semper rutrum, nulla.');
insert into interesa (usuario_id, vivienda_id, created_date, mensaje) values (14, 2, CURRENT_TIMESTAMP , 'Duis ac nibh.');
insert into interesa (usuario_id, vivienda_id, created_date, mensaje) values (2, 16, CURRENT_TIMESTAMP , 'Nam congue, risus semper porta volutpat, quam pede lobortis ligula, sit amet eleifend pede libero quis orci.');
insert into interesa (usuario_id, vivienda_id, created_date, mensaje) values (22, 2, CURRENT_TIMESTAMP , 'Duis consequat dui nec nisi volutpat eleifend. Donec ut dolor.');
insert into interesa (usuario_id, vivienda_id, created_date, mensaje) values (3, 3, CURRENT_TIMESTAMP , 'In blandit ultrices enim. Lorem ipsum dolor sit amet, consectetuer adipiscing elit.');
insert into interesa (usuario_id, vivienda_id, created_date, mensaje) values (21, 5, CURRENT_TIMESTAMP , 'Suspendisse potenti.');
insert into interesa (usuario_id, vivienda_id, created_date, mensaje) values (19, 10, CURRENT_TIMESTAMP , 'Maecenas ut massa quis augue luctus tincidunt. Nulla mollis molestie lorem.');
insert into interesa (usuario_id, vivienda_id, created_date, mensaje) values (20, 4, CURRENT_TIMESTAMP , 'In hac habitasse platea dictumst.');
insert into interesa (usuario_id, vivienda_id, created_date, mensaje) values (4, 12, CURRENT_TIMESTAMP , 'Duis ac nibh.');
insert into interesa (usuario_id, vivienda_id, created_date, mensaje) values (2, 7, CURRENT_TIMESTAMP , 'Sed ante. Vivamus tortor.');
insert into interesa (usuario_id, vivienda_id, created_date, mensaje) values (23, 16, CURRENT_TIMESTAMP , 'Fusce posuere felis sed lacus. Morbi sem mauris, laoreet ut, rhoncus aliquet, pulvinar sed, nisl.');
insert into interesa (usuario_id, vivienda_id, created_date, mensaje) values (20, 18, CURRENT_TIMESTAMP , 'Nam tristique tortor eu pede.');
insert into interesa (usuario_id, vivienda_id, created_date, mensaje) values (8, 2, CURRENT_TIMESTAMP , 'Fusce posuere felis sed lacus.');
insert into interesa (usuario_id, vivienda_id, created_date, mensaje) values (4, 14, CURRENT_TIMESTAMP , 'Suspendisse ornare consequat lectus.');
insert into interesa (usuario_id, vivienda_id, created_date, mensaje) values (10, 13, CURRENT_TIMESTAMP , 'Fusce consequat.');
insert into interesa (usuario_id, vivienda_id, created_date, mensaje) values (18, 11, CURRENT_TIMESTAMP , 'Quisque erat eros, viverra eget, congue eget, semper rutrum, nulla.');
insert into interesa (usuario_id, vivienda_id, created_date, mensaje) values (5, 19, CURRENT_TIMESTAMP , 'In quis justo.');
insert into interesa (usuario_id, vivienda_id, created_date, mensaje) values (8, 18, CURRENT_TIMESTAMP , 'Nam ultrices, libero non mattis pulvinar, nulla pede ullamcorper augue, a suscipit nulla elit ac nulla.');
insert into interesa (usuario_id, vivienda_id, created_date, mensaje) values (17, 7, CURRENT_TIMESTAMP , 'Praesent id massa id nisl venenatis lacinia. Aenean sit amet justo.');
insert into interesa (usuario_id, vivienda_id, created_date, mensaje) values (13, 16, CURRENT_TIMESTAMP , 'Aliquam sit amet diam in magna bibendum imperdiet.');
insert into interesa (usuario_id, vivienda_id, created_date, mensaje) values (6, 6, CURRENT_TIMESTAMP , 'Integer non velit.');
insert into interesa (usuario_id, vivienda_id, created_date, mensaje) values (20, 7, CURRENT_TIMESTAMP , 'Donec vitae nisi.');
insert into interesa (usuario_id, vivienda_id, created_date, mensaje) values (4, 15, CURRENT_TIMESTAMP , 'Cum sociis natoque penatibus et magnis dis parturient montes, nascetur ridiculus mus.');
insert into interesa (usuario_id, vivienda_id, created_date, mensaje) values (14, 1, CURRENT_TIMESTAMP , 'In hac habitasse platea dictumst.');
